id,time,addl,ii,amt,cmt,evid,rate,ss,cObs
1,0,4,6,2000,1,1,0,0,0
1,24,0,0,0,2,0,0,0,4236.01
1,24,0,0,0,10,0,0,0,1526.86
1,24.5,0,0,0,2,0,0,0,3706.79
1,24.5,0,0,0,10,0,0,0,1362.46
1,25,0,0,0,2,0,0,0,4402.66
1,25,0,0,0,10,0,0,0,1574.15
1,25.5,0,0,0,2,0,0,0,6292.09
1,25.5,0,0,0,10,0,0,0,1213.83
1,27,0,0,0,2,0,0,0,8404.46
1,27,0,0,0,10,0,0,0,1470.56
1,28,0,0,0,2,0,0,0,5564.69
1,28,0,0,0,10,0,0,0,1565.14
1,30,0,0,0,2,0,0,0,3179.82
1,30,0,0,0,10,0,0,0,1535.86
1,32,0,0,0,2,0,0,0,1889.43
1,32,0,0,0,10,0,0,0,988.63
2,0,4,8,1000,1,1,0,0,0
2,32,0,0,0,2,0,0,0,839.1076794
2,33,0,0,0,2,0,0,0,3894.462417
2,33.5,0,0,0,2,0,0,0,5112.887393
2,34,0,0,0,2,0,0,0,5322.306563
2,34,0,0,0,10,0,0,0,520.364168
2,34.5,0,0,0,2,0,0,0,4018.581433
2,35,0,0,0,2,0,0,0,3303.804181
2,40,0,0,0,2,0,0,0,718.4258768
2,40,0,0,0,10,0,0,0,548.073008